LT001,LT@300684,Babulu,0183-34-2345,30 Jun 1984,Male,Babulu@gmail.com,0137254895,SCHOOL OF COMPUTING,Second Marker
LT002,LT@250682,Sasi,0163-84-1845,25 Jun 1982,Male,Sasi@gmail.com,0139264856,SCHOOL OF BUSINESS,Project Manager
LT003,LT@250676,Qalu,1920-45-2845,25 Jun 1976,Male,Qalu@gmail.com,0139264856,SCHOOL OF ENGINEERING,Supervisor
LT004,LT@250804,Walu,1936-34-3946,25 Aug 2004,Female,Walu@gmail.com,0187356489,SCHOOL OF BUSINESS,Second Marker
LT005,LT@231178,Samu,9234-09-1245,23 Nov 1978,Female,Samu@gmail.com,0138274965,SCHOOL OF COMPUTING,Second Marker
LT006,LT@080904,Gopalu,1234-82-1234,8 Sept 2004,Male,Gopal@gmail.com,0192718342,SCHOOL OF COMPUTING,-
